"","DOW","ROH1","ROH2","ROH3","ROH4","ROH5","ROH6","ROH7","ROH14","ROH21","ROH30","ROH60","ROH90"
"1","Sunday",2.11111111111111,3.04444444444444,4.4,5.57777777777778,6.51111111111111,8.17777777777778,9.22222222222222,13.8666666666667,18.7555555555556,22.8222222222222,30.1111111111111,33.9111111111111
"2","Monday",2.84090909090909,4.34090909090909,5.15909090909091,7.59090909090909,9.56818181818182,11.1363636363636,12.8863636363636,21.7727272727273,27.4090909090909,33.2272727272727,42.6136363636364,45.8636363636364
"3","Tuesday",2.41666666666667,4.27777777777778,4.58333333333333,4.97222222222222,6.16666666666667,7.25,8.91666666666667,16.6388888888889,21.6944444444444,27.3055555555556,33.4722222222222,36.6944444444444
"4","Wednesday",1.95348837209302,3.58139534883721,5.37209302325581,5.76744186046512,6.16279069767442,7.30232558139535,8.51162790697674,15.4651162790698,20.4883720930233,25.3488372093023,32.6046511627907,35.8372093023256
"5","Thursday",3.4,5.11111111111111,6.84444444444444,8.31111111111111,8.84444444444444,9.66666666666667,10.8444444444444,16.9777777777778,21.4444444444444,25.7555555555556,34.0888888888889,37.3333333333333
"6","Friday",3.31707317073171,5.75609756097561,7.60975609756098,9.26829268292683,10.8292682926829,11.5365853658537,12.2439024390244,17.8536585365854,21.5853658536585,25.5121951219512,33.609756097561,37.5121951219512
"7","Saturday",3.71428571428571,5.69047619047619,7.73809523809524,9.54761904761905,10.9761904761905,12.1428571428571,12.8809523809524,17.3095238095238,20.2619047619048,23.6666666666667,30.3095238095238,33.2619047619048
