"","ME","MAE","SDE","MPE","MAPE","Time"
"Additive Pickup",1.30184003551842,NA,6.67325597238969,0.164082063417204,0.2513525663063,0.390081882476807
"Multiplicative Pickup",-1.2016840646646,NA,9.14207424850362,-0.0385935118003835,0.232096292252801,0.383225917816162
"Regression",1.06354345923597,NA,6.54564403491064,0.143963116960483,0.238026804558073,0.218023061752319
"Neural Network",-14.2182490116628,NA,7.17852948157022,-0.39798009525842,0.4052488398507,77.0733511447906
"K-Nearest Neighbor",2.00080348556801,NA,7.32140245032714,0.20997871304528,0.291225850293324,19.2640998363495
"Weighted K-Nearest Neighbor",0.984351092317893,NA,7.23782403275174,0.131584176527734,0.246649796681241,3.4617121219635
"Decision Tree",0.75849100583358,NA,6.96028912081165,0.104032959660565,0.230244434769087,0.341263055801392
"Random Forest",0.735620816599119,NA,6.67554697688315,0.105016361997174,0.228240848068539,141.084964036942
"Support Vector Machine",0.872405974012446,NA,6.3868486534068,0.134242913720573,0.228543731253753,15.5705201625824
