"","ME","MAE","SDE","MPE","MAPE","Time"
"Additive Pickup",1.30184003551842,5.37193193222688,6.67325597238969,0.164082063417204,0.2513525663063,0.392295122146606
"Multiplicative Pickup",-1.2016840646646,7.15446785498986,9.14207424850362,-0.0385935118003835,0.232096292252801,0.434769153594971
"Regression",1.06354345923597,5.26150324361446,6.54564403491064,0.143963116960483,0.238026804558073,0.141232967376709
"Neural Network",-14.2182490116628,14.2943449688477,7.17852948157022,-0.39798009525842,0.4052488398507,82.3936929702759
"K-Nearest Neighbor",2.00080348556801,5.97524535059112,7.32140245032714,0.20997871304528,0.291225850293324,43.7812969684601
"Weighted K-Nearest Neighbor",0.984351092317893,5.75438955610711,7.23782403275174,0.131584176527734,0.246649796681241,5.8027970790863
"Decision Tree",0.75849100583358,5.62292960427265,6.96028912081165,0.104032959660565,0.230244434769087,1.05722999572754
"Random Forest",0.735620816599119,5.33153680862681,6.67554697688315,0.105016361997174,0.228240848068539,265.913592100143
"Support Vector Machine",0.872405974012446,5.10374201415779,6.3868486534068,0.134242913720573,0.228543731253753,30.1395869255066
