"","ME","MAE","SDE","MPE","MAPE","Time"
"Additive Pickup",1.30184003551842,5.37193193222688,6.67325597238969,0.164082063417204,0.2513525663063,0.474160194396973
"Multiplicative Pickup",-1.2016840646646,7.15446785498986,9.14207424850362,-0.0385935118003835,0.232096292252801,0.276792049407959
"Regression",1.02134012699644,5.25172370176802,6.54442914578931,0.140968529024264,0.236742187355301,0.156036853790283
"Neural Network",-14.2755669682746,14.5537540829618,8.11388888050921,-0.397438572409578,0.415056711510087,189.739120006561
"K-Nearest Neighbor",1.85021381979103,6.38081496264062,7.83010887896955,0.202397068015567,0.300712612320692,22.0401737689972
"Weighted K-Nearest Neighbor",1.28518465286241,6.2679559054525,7.76947108104797,0.172808215566889,0.286432023728849,3.65648293495178
"Decision Tree",0.74120777222103,5.64788445608342,7.04487320964817,0.104804997849532,0.232727662567752,0.44294285774231
"Random Forest",0.656265977984952,5.47202890393219,6.7506890655835,0.099842201108597,0.232874266630887,207.30930685997
"Support Vector Machine",0.702758571742911,5.33942037082924,6.72083724487634,0.123097977144915,0.230896128632711,16.7460370063782
